timestamp,plot_id,soil_moisture,canopy_temp_c,ndvi
2026-06-01T08:00:00Z,P001,25.07,25.81,0.576
2026-06-01T08:00:00Z,P002,29.77,26.13,0.695
2026-06-01T08:00:00Z,P003,31.82,25.88,0.73
2026-06-01T08:00:00Z,P004,23.73,23.69,0.583
2026-06-01T08:00:00Z,P005,25.75,28.39,0.757
2026-06-01T08:00:00Z,P006,25.81,28.21,0.676
2026-06-01T08:00:00Z,P007,30.96,27.9,0.696
2026-06-01T08:00:00Z,P008,27.57,26.8,0.62
2026-06-01T08:00:00Z,P009,32.64,24.32,0.613
2026-06-01T08:00:00Z,P010,22.57,25.21,0.641
2026-06-01T08:00:00Z,P011,31.47,25.07,0.725
2026-06-01T08:00:00Z,P012,25.36,28.85,0.754
2026-06-01T08:00:00Z,P013,27.11,30.19,0.635
2026-06-01T08:00:00Z,P014,25.99,26.48,0.654
2026-06-01T08:00:00Z,P015,25.79,30.33,0.66
2026-06-01T08:00:00Z,P016,33.57,25.71,0.586
2026-06-01T08:00:00Z,P017,28.99,25.25,0.606
2026-06-01T08:00:00Z,P018,33.13,28.12,0.569
2026-06-01T08:00:00Z,P019,34.25,25.99,0.708
2026-06-01T08:00:00Z,P020,27.06,26.38,0.571
2026-06-01T08:00:00Z,P021,28.39,27.36,0.666
2026-06-01T08:00:00Z,P022,31.36,23.14,0.597
2026-06-01T08:00:00Z,P023,27.24,30.76,0.687
2026-06-01T08:00:00Z,P024,26.81,28.59,0.582
2026-06-01T08:00:00Z,P025,30.2,29.03,0.635
2026-06-01T08:00:00Z,P026,28.8,26.81,0.615
2026-06-01T08:00:00Z,P027,28.92,26.43,0.586
2026-06-01T08:00:00Z,P028,27.23,25.91,0.661
2026-06-01T08:00:00Z,P029,29.95,23.92,0.696
2026-06-01T08:00:00Z,P030,32.43,29.59,0.656
2026-06-01T08:00:00Z,P031,27.8,28.92,0.663
2026-06-01T08:00:00Z,P032,31.38,25.66,0.686
2026-06-01T08:00:00Z,P033,29.43,26.13,0.813
2026-06-01T08:00:00Z,P034,27.49,27.0,0.599
2026-06-01T08:00:00Z,P035,28.86,24.07,0.672
2026-06-01T08:00:00Z,P036,30.45,29.05,0.727
2026-06-01T08:00:00Z,P037,28.12,27.49,0.61
2026-06-01T08:00:00Z,P038,25.89,27.21,0.617
2026-06-01T08:00:00Z,P039,23.44,23.82,0.603
2026-06-01T08:00:00Z,P040,22.55,26.73,0.69
2026-06-01T08:00:00Z,P041,25.56,27.4,0.689
2026-06-01T08:00:00Z,P042,23.38,27.36,0.677
2026-06-01T08:00:00Z,P043,26.23,24.28,0.76
2026-06-01T08:00:00Z,P044,23.03,23.75,0.66
2026-06-01T08:00:00Z,P045,25.6,27.11,0.631
2026-06-01T08:00:00Z,P046,25.21,27.1,0.673
2026-06-01T08:00:00Z,P047,35.65,26.13,0.653
2026-06-01T08:00:00Z,P048,32.42,24.09,0.621
2026-06-01T08:00:00Z,P049,25.32,26.17,0.554
2026-06-01T08:00:00Z,P050,34.41,28.4,0.608
2026-06-01T08:00:00Z,P051,31.3,24.47,0.522
2026-06-01T08:00:00Z,P052,21.98,27.88,0.656
2026-06-01T08:00:00Z,P053,25.06,33.05,0.671
2026-06-01T08:00:00Z,P054,32.54,27.58,0.573
2026-06-01T08:00:00Z,P055,31.89,29.02,0.563
2026-06-01T08:00:00Z,P056,23.49,26.54,0.712
2026-06-01T08:00:00Z,P057,28.56,26.38,0.572
2026-06-01T08:00:00Z,P058,26.5,28.72,0.678
2026-06-01T08:00:00Z,P059,26.88,25.7,0.626
2026-06-01T08:00:00Z,P060,28.45,26.71,0.674
2026-06-01T08:00:00Z,P061,28.84,26.33,0.576
2026-06-01T08:00:00Z,P062,21.77,25.24,0.571
2026-06-01T08:00:00Z,P063,27.34,26.97,0.625
2026-06-01T08:00:00Z,P064,20.35,28.68,0.639
2026-06-02T08:00:00Z,P001,26.89,23.61,0.63
2026-06-02T08:00:00Z,P002,24.46,27.2,0.636
2026-06-02T08:00:00Z,P003,29.72,27.33,0.71
2026-06-02T08:00:00Z,P004,27.05,26.27,0.609
2026-06-02T08:00:00Z,P005,32.93,23.13,0.67
2026-06-02T08:00:00Z,P006,27.93,28.0,0.637
2026-06-02T08:00:00Z,P007,29.19,25.61,0.636
2026-06-02T08:00:00Z,P008,29.75,29.99,0.686
2026-06-02T08:00:00Z,P009,37.18,26.58,0.529
2026-06-02T08:00:00Z,P010,27.74,29.12,0.677
2026-06-02T08:00:00Z,P011,31.83,29.36,0.639
2026-06-02T08:00:00Z,P012,31.88,27.43,0.697
2026-06-02T08:00:00Z,P013,27.5,25.59,0.694
2026-06-02T08:00:00Z,P014,22.97,24.4,0.571
2026-06-02T08:00:00Z,P015,36.46,26.18,0.649
2026-06-02T08:00:00Z,P016,29.0,26.89,0.635
2026-06-02T08:00:00Z,P017,24.64,25.71,0.603
2026-06-02T08:00:00Z,P018,28.9,26.32,0.563
2026-06-02T08:00:00Z,P019,27.85,28.69,0.637
2026-06-02T08:00:00Z,P020,21.86,24.46,0.624
2026-06-02T08:00:00Z,P021,19.89,26.48,0.686
2026-06-02T08:00:00Z,P022,29.11,29.14,0.669
2026-06-02T08:00:00Z,P023,27.64,26.02,0.688
2026-06-02T08:00:00Z,P024,27.0,27.45,0.624
2026-06-02T08:00:00Z,P025,28.69,22.62,0.656
2026-06-02T08:00:00Z,P026,22.49,26.65,0.584
2026-06-02T08:00:00Z,P027,33.6,25.23,0.495
2026-06-02T08:00:00Z,P028,23.87,30.82,0.722
2026-06-02T08:00:00Z,P029,25.75,31.68,0.582
2026-06-02T08:00:00Z,P030,26.7,24.3,0.669
2026-06-02T08:00:00Z,P031,30.51,24.23,0.632
2026-06-02T08:00:00Z,P032,21.04,27.35,0.68
2026-06-02T08:00:00Z,P033,24.64,24.53,0.66
2026-06-02T08:00:00Z,P034,27.31,21.54,0.535
2026-06-02T08:00:00Z,P035,32.07,28.34,0.675
2026-06-02T08:00:00Z,P036,20.76,28.5,0.603
2026-06-02T08:00:00Z,P037,26.53,24.83,0.715
2026-06-02T08:00:00Z,P038,30.23,25.46,0.67
2026-06-02T08:00:00Z,P039,27.06,28.99,0.558
2026-06-02T08:00:00Z,P040,24.85,28.72,0.577
2026-06-02T08:00:00Z,P041,28.24,26.1,0.6
2026-06-02T08:00:00Z,P042,25.11,22.03,0.622
2026-06-02T08:00:00Z,P043,23.68,29.11,0.639
2026-06-02T08:00:00Z,P044,27.23,28.66,0.629
2026-06-02T08:00:00Z,P045,26.93,29.42,0.632
2026-06-02T08:00:00Z,P046,29.95,27.06,0.602
2026-06-02T08:00:00Z,P047,26.56,26.97,0.632
2026-06-02T08:00:00Z,P048,31.84,27.89,0.655
2026-06-02T08:00:00Z,P049,38.6,29.69,0.627
2026-06-02T08:00:00Z,P050,32.64,28.08,0.564
2026-06-02T08:00:00Z,P051,25.56,25.91,0.586
2026-06-02T08:00:00Z,P052,25.05,28.35,0.657
2026-06-02T08:00:00Z,P053,35.55,25.32,0.647
2026-06-02T08:00:00Z,P054,28.71,25.92,0.742
2026-06-02T08:00:00Z,P055,23.0,25.28,0.611
2026-06-02T08:00:00Z,P056,28.98,26.98,0.636
2026-06-02T08:00:00Z,P057,24.59,22.51,0.613
2026-06-02T08:00:00Z,P058,30.1,24.24,0.623
2026-06-02T08:00:00Z,P059,29.15,28.49,0.656
2026-06-02T08:00:00Z,P060,27.01,25.06,0.736
2026-06-02T08:00:00Z,P061,21.07,28.48,0.72
2026-06-02T08:00:00Z,P062,30.69,28.35,0.701
2026-06-02T08:00:00Z,P063,29.91,25.99,0.595
2026-06-02T08:00:00Z,P064,34.83,25.54,0.624
2026-06-03T08:00:00Z,P001,26.77,26.72,0.68
2026-06-03T08:00:00Z,P002,28.19,27.32,0.665
2026-06-03T08:00:00Z,P003,24.73,25.14,0.634
2026-06-03T08:00:00Z,P004,30.73,30.52,0.671
2026-06-03T08:00:00Z,P005,23.76,26.87,0.658
2026-06-03T08:00:00Z,P006,32.55,27.34,0.7
2026-06-03T08:00:00Z,P007,27.38,24.2,0.585
2026-06-03T08:00:00Z,P008,22.0,21.58,0.593
2026-06-03T08:00:00Z,P009,28.21,27.21,0.635
2026-06-03T08:00:00Z,P010,18.5,27.82,0.647
2026-06-03T08:00:00Z,P011,26.54,24.51,0.703
2026-06-03T08:00:00Z,P012,23.93,26.87,0.658
2026-06-03T08:00:00Z,P013,30.44,35.29,0.728
2026-06-03T08:00:00Z,P014,26.45,28.56,0.666
2026-06-03T08:00:00Z,P015,36.81,25.31,0.729
2026-06-03T08:00:00Z,P016,31.51,29.28,0.666
2026-06-03T08:00:00Z,P017,29.28,26.64,0.659
2026-06-03T08:00:00Z,P018,26.78,29.15,0.63
2026-06-03T08:00:00Z,P019,28.11,26.04,0.622
2026-06-03T08:00:00Z,P020,23.5,28.77,0.679
2026-06-03T08:00:00Z,P021,32.89,25.83,0.628
2026-06-03T08:00:00Z,P022,29.83,27.84,0.668
2026-06-03T08:00:00Z,P023,28.87,25.73,0.592
2026-06-03T08:00:00Z,P024,26.67,29.41,0.634
2026-06-03T08:00:00Z,P025,28.22,28.94,0.676
2026-06-03T08:00:00Z,P026,27.09,28.04,0.53
2026-06-03T08:00:00Z,P027,28.96,25.48,0.493
2026-06-03T08:00:00Z,P028,34.26,23.97,0.671
2026-06-03T08:00:00Z,P029,30.72,24.85,0.647
2026-06-03T08:00:00Z,P030,30.28,22.48,0.538
2026-06-03T08:00:00Z,P031,30.31,24.9,0.739
2026-06-03T08:00:00Z,P032,32.56,25.57,0.648
2026-06-03T08:00:00Z,P033,27.98,27.14,0.688
2026-06-03T08:00:00Z,P034,28.02,32.22,0.638
2026-06-03T08:00:00Z,P035,27.77,24.69,0.617
2026-06-03T08:00:00Z,P036,30.07,28.44,0.678
2026-06-03T08:00:00Z,P037,24.73,24.51,0.683
2026-06-03T08:00:00Z,P038,22.14,25.33,0.693
2026-06-03T08:00:00Z,P039,29.33,26.71,0.663
2026-06-03T08:00:00Z,P040,25.4,24.94,0.53
2026-06-03T08:00:00Z,P041,26.97,26.15,0.706
2026-06-03T08:00:00Z,P042,27.72,29.03,0.548
2026-06-03T08:00:00Z,P043,31.94,26.6,0.735
2026-06-03T08:00:00Z,P044,28.71,26.93,0.482
2026-06-03T08:00:00Z,P045,31.0,28.09,0.638
2026-06-03T08:00:00Z,P046,25.52,26.14,0.74
2026-06-03T08:00:00Z,P047,20.96,29.26,0.693
2026-06-03T08:00:00Z,P048,30.63,25.78,0.683
2026-06-03T08:00:00Z,P049,20.16,25.24,0.626
2026-06-03T08:00:00Z,P050,23.47,29.49,0.645
2026-06-03T08:00:00Z,P051,34.63,27.23,0.638
2026-06-03T08:00:00Z,P052,28.51,25.97,0.595
2026-06-03T08:00:00Z,P053,25.98,23.18,0.713
2026-06-03T08:00:00Z,P054,27.02,29.0,0.659
2026-06-03T08:00:00Z,P055,22.55,29.21,0.716
2026-06-03T08:00:00Z,P056,29.26,25.67,0.631
2026-06-03T08:00:00Z,P057,26.93,28.27,0.633
2026-06-03T08:00:00Z,P058,32.64,25.69,0.675
2026-06-03T08:00:00Z,P059,18.48,32.06,0.696
2026-06-03T08:00:00Z,P060,29.52,26.33,0.592
2026-06-03T08:00:00Z,P061,28.53,26.33,0.703
2026-06-03T08:00:00Z,P062,23.7,26.72,0.607
2026-06-03T08:00:00Z,P063,34.48,25.83,0.526
2026-06-03T08:00:00Z,P064,28.94,30.23,0.641
2026-06-04T08:00:00Z,P001,26.02,26.57,0.606
2026-06-04T08:00:00Z,P002,20.66,31.11,0.652
2026-06-04T08:00:00Z,P003,24.83,28.07,0.562
2026-06-04T08:00:00Z,P004,25.79,24.3,0.583
2026-06-04T08:00:00Z,P005,24.47,27.41,0.648
2026-06-04T08:00:00Z,P006,33.02,33.13,0.623
2026-06-04T08:00:00Z,P007,27.75,26.74,0.647
2026-06-04T08:00:00Z,P008,26.8,23.06,0.529
2026-06-04T08:00:00Z,P009,28.23,29.46,0.651
2026-06-04T08:00:00Z,P010,33.06,29.67,0.637
2026-06-04T08:00:00Z,P011,23.87,26.01,0.67
2026-06-04T08:00:00Z,P012,17.81,30.31,0.752
2026-06-04T08:00:00Z,P013,23.57,25.72,0.68
2026-06-04T08:00:00Z,P014,32.21,25.32,0.663
2026-06-04T08:00:00Z,P015,28.6,27.14,0.738
2026-06-04T08:00:00Z,P016,29.73,24.71,0.677
2026-06-04T08:00:00Z,P017,26.96,28.06,0.679
2026-06-04T08:00:00Z,P018,23.41,22.84,0.642
2026-06-04T08:00:00Z,P019,29.97,27.41,0.718
2026-06-04T08:00:00Z,P020,29.0,25.29,0.641
2026-06-04T08:00:00Z,P021,29.23,29.37,0.553
2026-06-04T08:00:00Z,P022,31.65,30.25,0.741
2026-06-04T08:00:00Z,P023,29.06,25.9,0.644
2026-06-04T08:00:00Z,P024,26.16,24.7,0.629
2026-06-04T08:00:00Z,P025,27.14,28.72,0.596
2026-06-04T08:00:00Z,P026,29.1,25.57,0.634
2026-06-04T08:00:00Z,P027,24.09,25.22,0.672
2026-06-04T08:00:00Z,P028,32.25,27.46,0.628
2026-06-04T08:00:00Z,P029,29.88,26.8,0.671
2026-06-04T08:00:00Z,P030,28.19,28.44,0.712
2026-06-04T08:00:00Z,P031,28.94,24.43,0.678
2026-06-04T08:00:00Z,P032,29.34,26.16,0.687
2026-06-04T08:00:00Z,P033,30.16,29.39,0.693
2026-06-04T08:00:00Z,P034,29.08,27.05,0.631
2026-06-04T08:00:00Z,P035,34.29,28.16,0.655
2026-06-04T08:00:00Z,P036,23.1,31.1,0.719
2026-06-04T08:00:00Z,P037,32.5,27.95,0.59
2026-06-04T08:00:00Z,P038,31.83,29.46,0.637
2026-06-04T08:00:00Z,P039,25.4,29.04,0.641
2026-06-04T08:00:00Z,P040,26.34,26.11,0.654
2026-06-04T08:00:00Z,P041,26.53,23.52,0.555
2026-06-04T08:00:00Z,P042,22.84,30.11,0.758
2026-06-04T08:00:00Z,P043,25.54,25.59,0.545
2026-06-04T08:00:00Z,P044,35.4,31.25,0.634
2026-06-04T08:00:00Z,P045,28.03,27.55,0.644
2026-06-04T08:00:00Z,P046,24.79,29.95,0.651
2026-06-04T08:00:00Z,P047,31.78,27.51,0.71
2026-06-04T08:00:00Z,P048,30.16,24.84,0.687
2026-06-04T08:00:00Z,P049,27.44,23.97,0.599
2026-06-04T08:00:00Z,P050,27.03,24.63,0.589
2026-06-04T08:00:00Z,P051,26.91,24.93,0.575
2026-06-04T08:00:00Z,P052,26.88,30.96,0.784
2026-06-04T08:00:00Z,P053,26.87,27.19,0.596
2026-06-04T08:00:00Z,P054,34.03,28.0,0.752
2026-06-04T08:00:00Z,P055,22.39,25.66,0.597
2026-06-04T08:00:00Z,P056,26.68,25.72,0.663
2026-06-04T08:00:00Z,P057,31.91,24.65,0.694
2026-06-04T08:00:00Z,P058,31.59,24.98,0.656
2026-06-04T08:00:00Z,P059,25.78,25.45,0.656
2026-06-04T08:00:00Z,P060,25.36,23.78,0.687
2026-06-04T08:00:00Z,P061,25.43,23.27,0.525
2026-06-04T08:00:00Z,P062,27.87,23.77,0.659
2026-06-04T08:00:00Z,P063,24.53,30.25,0.565
2026-06-04T08:00:00Z,P064,25.8,25.05,0.622
2026-06-05T08:00:00Z,P001,30.93,27.27,0.586
2026-06-05T08:00:00Z,P002,28.08,27.14,0.652
2026-06-05T08:00:00Z,P003,30.47,26.3,0.647
2026-06-05T08:00:00Z,P004,33.11,27.34,0.671
2026-06-05T08:00:00Z,P005,31.16,26.47,0.684
2026-06-05T08:00:00Z,P006,21.55,26.72,0.744
2026-06-05T08:00:00Z,P007,26.12,23.92,0.68
2026-06-05T08:00:00Z,P008,27.87,29.97,0.579
2026-06-05T08:00:00Z,P009,21.99,28.87,0.669
2026-06-05T08:00:00Z,P010,27.89,26.37,0.683
2026-06-05T08:00:00Z,P011,34.5,25.03,0.657
2026-06-05T08:00:00Z,P012,26.59,27.83,0.628
2026-06-05T08:00:00Z,P013,29.55,29.0,0.55
2026-06-05T08:00:00Z,P014,24.76,26.23,0.581
2026-06-05T08:00:00Z,P015,28.44,27.44,0.744
2026-06-05T08:00:00Z,P016,34.98,27.15,0.713
2026-06-05T08:00:00Z,P017,29.27,27.34,0.56
2026-06-05T08:00:00Z,P018,23.37,28.76,0.679
2026-06-05T08:00:00Z,P019,19.48,26.28,0.663
2026-06-05T08:00:00Z,P020,30.89,26.89,0.615
2026-06-05T08:00:00Z,P021,34.36,24.02,0.639
2026-06-05T08:00:00Z,P022,23.33,27.18,0.632
2026-06-05T08:00:00Z,P023,29.24,27.58,0.559
2026-06-05T08:00:00Z,P024,27.74,27.43,0.614
2026-06-05T08:00:00Z,P025,29.01,26.42,0.671
2026-06-05T08:00:00Z,P026,24.33,31.32,0.71
2026-06-05T08:00:00Z,P027,25.71,27.52,0.638
2026-06-05T08:00:00Z,P028,32.23,27.5,0.636
2026-06-05T08:00:00Z,P029,32.68,22.7,0.727
2026-06-05T08:00:00Z,P030,26.22,25.06,0.739
2026-06-05T08:00:00Z,P031,22.94,30.75,0.708
2026-06-05T08:00:00Z,P032,29.86,21.63,0.649
2026-06-05T08:00:00Z,P033,30.06,26.7,0.604
2026-06-05T08:00:00Z,P034,28.62,30.06,0.699
2026-06-05T08:00:00Z,P035,31.01,32.57,0.525
2026-06-05T08:00:00Z,P036,25.98,28.38,0.625
2026-06-05T08:00:00Z,P037,27.68,25.5,0.677
2026-06-05T08:00:00Z,P038,21.2,32.17,0.776
2026-06-05T08:00:00Z,P039,32.1,28.05,0.601
2026-06-05T08:00:00Z,P040,24.54,26.91,0.665
2026-06-05T08:00:00Z,P041,25.54,28.21,0.668
2026-06-05T08:00:00Z,P042,30.45,27.33,0.644
2026-06-05T08:00:00Z,P043,26.76,30.22,0.64
2026-06-05T08:00:00Z,P044,26.28,29.26,0.692
2026-06-05T08:00:00Z,P045,29.63,25.87,0.713
2026-06-05T08:00:00Z,P046,23.75,26.58,0.669
2026-06-05T08:00:00Z,P047,24.04,29.04,0.729
2026-06-05T08:00:00Z,P048,30.15,26.88,0.604
2026-06-05T08:00:00Z,P049,24.73,27.32,0.523
2026-06-05T08:00:00Z,P050,31.18,25.39,0.613
2026-06-05T08:00:00Z,P051,26.2,26.17,0.55
2026-06-05T08:00:00Z,P052,31.03,25.04,0.56
2026-06-05T08:00:00Z,P053,21.8,26.18,0.626
2026-06-05T08:00:00Z,P054,28.39,29.44,0.604
2026-06-05T08:00:00Z,P055,24.51,25.09,0.64
2026-06-05T08:00:00Z,P056,31.11,28.4,0.57
2026-06-05T08:00:00Z,P057,21.05,29.44,0.726
2026-06-05T08:00:00Z,P058,25.55,25.54,0.675
2026-06-05T08:00:00Z,P059,26.22,25.77,0.594
2026-06-05T08:00:00Z,P060,29.64,26.68,0.582
2026-06-05T08:00:00Z,P061,32.32,30.32,0.656
2026-06-05T08:00:00Z,P062,27.86,23.11,0.676
2026-06-05T08:00:00Z,P063,26.15,26.1,0.688
2026-06-05T08:00:00Z,P064,21.46,23.14,0.597
2026-06-06T08:00:00Z,P001,23.42,30.33,0.74
2026-06-06T08:00:00Z,P002,26.5,27.43,0.641
2026-06-06T08:00:00Z,P003,35.88,26.52,0.567
2026-06-06T08:00:00Z,P004,26.05,25.75,0.711
2026-06-06T08:00:00Z,P005,36.01,27.72,0.679
2026-06-06T08:00:00Z,P006,24.01,29.48,0.594
2026-06-06T08:00:00Z,P007,32.76,23.48,0.803
2026-06-06T08:00:00Z,P008,32.11,26.73,0.556
2026-06-06T08:00:00Z,P009,21.27,30.74,0.658
2026-06-06T08:00:00Z,P010,34.95,26.45,0.696
2026-06-06T08:00:00Z,P011,25.33,26.0,0.637
2026-06-06T08:00:00Z,P012,26.93,25.16,0.686
2026-06-06T08:00:00Z,P013,33.69,25.6,0.583
2026-06-06T08:00:00Z,P014,28.08,25.39,0.657
2026-06-06T08:00:00Z,P015,28.67,27.47,0.645
2026-06-06T08:00:00Z,P016,27.08,26.58,0.66
2026-06-06T08:00:00Z,P017,24.98,26.06,0.701
2026-06-06T08:00:00Z,P018,27.59,22.68,0.592
2026-06-06T08:00:00Z,P019,28.66,22.47,0.59
2026-06-06T08:00:00Z,P020,24.82,28.34,0.652
2026-06-06T08:00:00Z,P021,30.82,23.82,0.586
2026-06-06T08:00:00Z,P022,24.5,25.31,0.534
2026-06-06T08:00:00Z,P023,32.85,27.81,0.743
2026-06-06T08:00:00Z,P024,26.43,21.86,0.539
2026-06-06T08:00:00Z,P025,30.49,27.46,0.691
2026-06-06T08:00:00Z,P026,22.9,26.42,0.683
2026-06-06T08:00:00Z,P027,21.86,26.64,0.766
2026-06-06T08:00:00Z,P028,30.03,26.02,0.675
2026-06-06T08:00:00Z,P029,33.77,25.32,0.634
2026-06-06T08:00:00Z,P030,28.02,26.01,0.698
2026-06-06T08:00:00Z,P031,28.54,27.72,0.65
2026-06-06T08:00:00Z,P032,24.78,28.32,0.669
2026-06-06T08:00:00Z,P033,29.2,27.1,0.692
2026-06-06T08:00:00Z,P034,26.82,30.23,0.57
2026-06-06T08:00:00Z,P035,20.02,22.33,0.524
2026-06-06T08:00:00Z,P036,32.1,25.63,0.569
2026-06-06T08:00:00Z,P037,28.89,22.75,0.618
2026-06-06T08:00:00Z,P038,27.15,28.7,0.554
2026-06-06T08:00:00Z,P039,28.95,24.34,0.661
2026-06-06T08:00:00Z,P040,33.19,25.72,0.516
2026-06-06T08:00:00Z,P041,36.97,26.86,0.671
2026-06-06T08:00:00Z,P042,37.36,24.8,0.652
2026-06-06T08:00:00Z,P043,25.76,27.66,0.648
2026-06-06T08:00:00Z,P044,32.75,29.97,0.614
2026-06-06T08:00:00Z,P045,22.88,28.41,0.58
2026-06-06T08:00:00Z,P046,24.16,27.06,0.611
2026-06-06T08:00:00Z,P047,26.74,29.04,0.65
2026-06-06T08:00:00Z,P048,29.61,24.83,0.624
2026-06-06T08:00:00Z,P049,34.42,27.9,0.642
2026-06-06T08:00:00Z,P050,36.03,29.37,0.655
2026-06-06T08:00:00Z,P051,23.55,25.31,0.672
2026-06-06T08:00:00Z,P052,29.34,28.83,0.604
2026-06-06T08:00:00Z,P053,32.41,24.92,0.514
2026-06-06T08:00:00Z,P054,31.57,26.62,0.627
2026-06-06T08:00:00Z,P055,23.12,25.0,0.615
2026-06-06T08:00:00Z,P056,30.74,26.77,0.674
2026-06-06T08:00:00Z,P057,29.14,27.71,0.629
2026-06-06T08:00:00Z,P058,25.88,26.61,0.533
2026-06-06T08:00:00Z,P059,33.96,27.35,0.559
2026-06-06T08:00:00Z,P060,29.73,27.0,0.712
2026-06-06T08:00:00Z,P061,32.54,27.32,0.488
2026-06-06T08:00:00Z,P062,24.89,28.96,0.58
2026-06-06T08:00:00Z,P063,30.43,25.39,0.628
2026-06-06T08:00:00Z,P064,26.0,25.73,0.634
2026-06-07T08:00:00Z,P001,32.97,28.58,0.598
2026-06-07T08:00:00Z,P002,24.08,26.19,0.591
2026-06-07T08:00:00Z,P003,27.96,28.39,0.661
2026-06-07T08:00:00Z,P004,16.14,27.85,0.676
2026-06-07T08:00:00Z,P005,31.38,28.97,0.668
2026-06-07T08:00:00Z,P006,28.97,28.64,0.584
2026-06-07T08:00:00Z,P007,32.11,25.69,0.636
2026-06-07T08:00:00Z,P008,28.05,27.8,0.636
2026-06-07T08:00:00Z,P009,35.62,20.81,0.594
2026-06-07T08:00:00Z,P010,26.74,28.03,0.573
2026-06-07T08:00:00Z,P011,32.76,28.78,0.636
2026-06-07T08:00:00Z,P012,29.94,26.21,0.617
2026-06-07T08:00:00Z,P013,19.28,25.44,0.732
2026-06-07T08:00:00Z,P014,24.47,27.5,0.647
2026-06-07T08:00:00Z,P015,28.94,28.0,0.622
2026-06-07T08:00:00Z,P016,28.43,27.12,0.695
2026-06-07T08:00:00Z,P017,23.7,25.81,0.576
2026-06-07T08:00:00Z,P018,28.04,26.29,0.709
2026-06-07T08:00:00Z,P019,18.3,24.78,0.715
2026-06-07T08:00:00Z,P020,18.71,23.91,0.644
2026-06-07T08:00:00Z,P021,26.91,26.29,0.713
2026-06-07T08:00:00Z,P022,30.7,26.54,0.729
2026-06-07T08:00:00Z,P023,27.46,25.83,0.525
2026-06-07T08:00:00Z,P024,34.32,27.91,0.733
2026-06-07T08:00:00Z,P025,24.03,24.97,0.663
2026-06-07T08:00:00Z,P026,15.36,24.65,0.596
2026-06-07T08:00:00Z,P027,21.23,32.93,0.585
2026-06-07T08:00:00Z,P028,22.87,25.98,0.628
2026-06-07T08:00:00Z,P029,20.96,26.67,0.695
2026-06-07T08:00:00Z,P030,32.65,28.07,0.659
2026-06-07T08:00:00Z,P031,29.83,28.23,0.64
2026-06-07T08:00:00Z,P032,28.42,29.65,0.615
2026-06-07T08:00:00Z,P033,29.08,27.8,0.634
2026-06-07T08:00:00Z,P034,31.05,29.24,0.638
2026-06-07T08:00:00Z,P035,27.33,25.28,0.58
2026-06-07T08:00:00Z,P036,29.87,29.68,0.545
2026-06-07T08:00:00Z,P037,25.72,27.21,0.748
2026-06-07T08:00:00Z,P038,23.44,27.44,0.663
2026-06-07T08:00:00Z,P039,30.46,22.68,0.664
2026-06-07T08:00:00Z,P040,32.2,23.04,0.664
2026-06-07T08:00:00Z,P041,31.29,27.81,0.553
2026-06-07T08:00:00Z,P042,27.68,29.22,0.578
2026-06-07T08:00:00Z,P043,30.64,25.96,0.803
2026-06-07T08:00:00Z,P044,29.14,24.48,0.675
2026-06-07T08:00:00Z,P045,22.64,28.38,0.596
2026-06-07T08:00:00Z,P046,29.46,25.66,0.724
2026-06-07T08:00:00Z,P047,31.78,27.96,0.675
2026-06-07T08:00:00Z,P048,25.04,30.87,0.616
2026-06-07T08:00:00Z,P049,25.11,24.24,0.725
2026-06-07T08:00:00Z,P050,27.51,30.68,0.74
2026-06-07T08:00:00Z,P051,26.78,26.05,0.632
2026-06-07T08:00:00Z,P052,23.24,29.68,0.691
2026-06-07T08:00:00Z,P053,37.55,30.44,0.611
2026-06-07T08:00:00Z,P054,32.73,24.3,0.621
2026-06-07T08:00:00Z,P055,23.99,26.51,0.581
2026-06-07T08:00:00Z,P056,26.47,26.62,0.704
2026-06-07T08:00:00Z,P057,36.14,28.3,0.49
2026-06-07T08:00:00Z,P058,28.21,27.72,0.602
2026-06-07T08:00:00Z,P059,20.92,25.33,0.637
2026-06-07T08:00:00Z,P060,27.72,27.21,0.699
2026-06-07T08:00:00Z,P061,31.51,24.48,0.704
2026-06-07T08:00:00Z,P062,28.02,28.67,0.739
2026-06-07T08:00:00Z,P063,27.71,24.61,0.609
2026-06-07T08:00:00Z,P064,27.36,26.71,0.709
2026-06-08T08:00:00Z,P001,19.23,29.55,0.547
2026-06-08T08:00:00Z,P002,23.73,27.65,0.555
2026-06-08T08:00:00Z,P003,25.42,25.69,0.593
2026-06-08T08:00:00Z,P004,23.42,28.69,0.616
2026-06-08T08:00:00Z,P005,33.79,30.03,0.694
2026-06-08T08:00:00Z,P006,25.87,26.68,0.613
2026-06-08T08:00:00Z,P007,28.31,24.14,0.652
2026-06-08T08:00:00Z,P008,30.06,26.68,0.608
2026-06-08T08:00:00Z,P009,41.44,25.24,0.64
2026-06-08T08:00:00Z,P010,29.91,26.24,0.652
2026-06-08T08:00:00Z,P011,28.44,23.96,0.641
2026-06-08T08:00:00Z,P012,33.48,24.98,0.584
2026-06-08T08:00:00Z,P013,33.68,27.7,0.56
2026-06-08T08:00:00Z,P014,24.36,24.86,0.572
2026-06-08T08:00:00Z,P015,32.12,32.11,0.65
2026-06-08T08:00:00Z,P016,24.66,27.35,0.572
2026-06-08T08:00:00Z,P017,21.74,28.16,0.703
2026-06-08T08:00:00Z,P018,24.66,25.96,0.58
2026-06-08T08:00:00Z,P019,26.72,26.48,0.687
2026-06-08T08:00:00Z,P020,27.95,28.76,0.662
2026-06-08T08:00:00Z,P021,25.43,23.16,0.671
2026-06-08T08:00:00Z,P022,23.55,26.55,0.64
2026-06-08T08:00:00Z,P023,25.66,24.66,0.646
2026-06-08T08:00:00Z,P024,23.88,26.22,0.659
2026-06-08T08:00:00Z,P025,29.76,29.74,0.676
2026-06-08T08:00:00Z,P026,33.62,29.43,0.706
2026-06-08T08:00:00Z,P027,28.93,24.14,0.61
2026-06-08T08:00:00Z,P028,31.54,30.02,0.632
2026-06-08T08:00:00Z,P029,25.68,28.61,0.659
2026-06-08T08:00:00Z,P030,23.43,26.42,0.585
2026-06-08T08:00:00Z,P031,38.91,24.78,0.609
2026-06-08T08:00:00Z,P032,26.4,29.19,0.566
2026-06-08T08:00:00Z,P033,33.39,28.23,0.573
2026-06-08T08:00:00Z,P034,29.88,29.2,0.637
2026-06-08T08:00:00Z,P035,35.78,25.29,0.647
2026-06-08T08:00:00Z,P036,24.43,26.19,0.72
2026-06-08T08:00:00Z,P037,29.76,27.89,0.685
2026-06-08T08:00:00Z,P038,29.92,25.14,0.535
2026-06-08T08:00:00Z,P039,27.22,29.64,0.612
2026-06-08T08:00:00Z,P040,16.72,27.98,0.648
2026-06-08T08:00:00Z,P041,26.37,26.2,0.662
2026-06-08T08:00:00Z,P042,32.03,27.63,0.631
2026-06-08T08:00:00Z,P043,35.87,27.13,0.685
2026-06-08T08:00:00Z,P044,23.99,27.19,0.622
2026-06-08T08:00:00Z,P045,23.98,25.15,0.636
2026-06-08T08:00:00Z,P046,28.36,25.69,0.644
2026-06-08T08:00:00Z,P047,23.67,26.98,0.734
2026-06-08T08:00:00Z,P048,29.23,29.98,0.522
2026-06-08T08:00:00Z,P049,30.23,26.06,0.583
2026-06-08T08:00:00Z,P050,23.06,20.9,0.575
2026-06-08T08:00:00Z,P051,30.57,29.25,0.73
2026-06-08T08:00:00Z,P052,27.12,29.21,0.559
2026-06-08T08:00:00Z,P053,23.63,25.19,0.71
2026-06-08T08:00:00Z,P054,31.47,28.09,0.639
2026-06-08T08:00:00Z,P055,25.08,25.53,0.78
2026-06-08T08:00:00Z,P056,29.47,23.57,0.582
2026-06-08T08:00:00Z,P057,28.4,26.05,0.736
2026-06-08T08:00:00Z,P058,34.01,25.47,0.625
2026-06-08T08:00:00Z,P059,28.92,25.54,0.648
2026-06-08T08:00:00Z,P060,22.78,29.22,0.689
2026-06-08T08:00:00Z,P061,31.16,30.44,0.58
2026-06-08T08:00:00Z,P062,24.87,30.35,0.679
2026-06-08T08:00:00Z,P063,29.06,27.7,0.552
2026-06-08T08:00:00Z,P064,22.99,22.98,0.631
2026-06-09T08:00:00Z,P001,36.63,27.27,0.614
2026-06-09T08:00:00Z,P002,24.39,28.63,0.654
2026-06-09T08:00:00Z,P003,26.87,25.02,0.635
2026-06-09T08:00:00Z,P004,26.5,27.38,0.625
2026-06-09T08:00:00Z,P005,25.48,27.83,0.634
2026-06-09T08:00:00Z,P006,32.78,30.11,0.673
2026-06-09T08:00:00Z,P007,29.42,24.86,0.582
2026-06-09T08:00:00Z,P008,35.79,23.55,0.595
2026-06-09T08:00:00Z,P009,30.44,28.08,0.615
2026-06-09T08:00:00Z,P010,27.36,27.27,0.569
2026-06-09T08:00:00Z,P011,30.75,29.16,0.553
2026-06-09T08:00:00Z,P012,28.19,27.18,0.726
2026-06-09T08:00:00Z,P013,30.7,26.2,0.632
2026-06-09T08:00:00Z,P014,26.63,27.42,0.583
2026-06-09T08:00:00Z,P015,30.49,26.1,0.632
2026-06-09T08:00:00Z,P016,31.22,26.98,0.603
2026-06-09T08:00:00Z,P017,31.8,24.62,0.571
2026-06-09T08:00:00Z,P018,30.37,28.12,0.776
2026-06-09T08:00:00Z,P019,31.48,28.26,0.675
2026-06-09T08:00:00Z,P020,21.58,26.05,0.492
2026-06-09T08:00:00Z,P021,28.14,23.35,0.599
2026-06-09T08:00:00Z,P022,25.12,29.5,0.545
2026-06-09T08:00:00Z,P023,26.59,26.57,0.618
2026-06-09T08:00:00Z,P024,28.53,30.48,0.603
2026-06-09T08:00:00Z,P025,28.04,25.67,0.556
2026-06-09T08:00:00Z,P026,32.66,27.57,0.635
2026-06-09T08:00:00Z,P027,32.18,26.12,0.684
2026-06-09T08:00:00Z,P028,23.93,35.46,0.585
2026-06-09T08:00:00Z,P029,32.42,24.35,0.681
2026-06-09T08:00:00Z,P030,30.86,26.5,0.554
2026-06-09T08:00:00Z,P031,29.84,28.49,0.7
2026-06-09T08:00:00Z,P032,24.1,26.3,0.583
2026-06-09T08:00:00Z,P033,24.91,26.56,0.568
2026-06-09T08:00:00Z,P034,18.8,28.89,0.77
2026-06-09T08:00:00Z,P035,29.44,20.74,0.66
2026-06-09T08:00:00Z,P036,35.17,24.82,0.667
2026-06-09T08:00:00Z,P037,29.84,26.59,0.639
2026-06-09T08:00:00Z,P038,22.63,26.24,0.536
2026-06-09T08:00:00Z,P039,20.88,28.42,0.685
2026-06-09T08:00:00Z,P040,32.06,24.68,0.649
2026-06-09T08:00:00Z,P041,23.68,29.31,0.662
2026-06-09T08:00:00Z,P042,28.96,28.84,0.655
2026-06-09T08:00:00Z,P043,23.67,24.87,0.691
2026-06-09T08:00:00Z,P044,25.52,27.02,0.73
2026-06-09T08:00:00Z,P045,27.76,27.01,0.625
2026-06-09T08:00:00Z,P046,30.14,27.4,0.679
2026-06-09T08:00:00Z,P047,34.44,28.13,0.637
2026-06-09T08:00:00Z,P048,28.89,26.74,0.725
2026-06-09T08:00:00Z,P049,26.33,26.43,0.687
2026-06-09T08:00:00Z,P050,23.28,28.82,0.543
2026-06-09T08:00:00Z,P051,30.15,25.8,0.709
2026-06-09T08:00:00Z,P052,24.85,22.5,0.641
2026-06-09T08:00:00Z,P053,27.29,26.91,0.54
2026-06-09T08:00:00Z,P054,28.79,28.64,0.608
2026-06-09T08:00:00Z,P055,32.57,26.91,0.627
2026-06-09T08:00:00Z,P056,27.58,27.31,0.788
2026-06-09T08:00:00Z,P057,27.07,27.3,0.628
2026-06-09T08:00:00Z,P058,30.81,30.66,0.681
2026-06-09T08:00:00Z,P059,25.55,29.05,0.587
2026-06-09T08:00:00Z,P060,31.81,25.47,0.612
2026-06-09T08:00:00Z,P061,24.26,27.82,0.705
2026-06-09T08:00:00Z,P062,28.85,23.51,0.66
2026-06-09T08:00:00Z,P063,25.44,27.33,0.643
2026-06-09T08:00:00Z,P064,34.39,29.29,0.621
2026-06-10T08:00:00Z,P001,29.77,25.78,0.563
2026-06-10T08:00:00Z,P002,23.66,26.17,0.633
2026-06-10T08:00:00Z,P003,30.29,27.01,0.689
2026-06-10T08:00:00Z,P004,27.01,25.34,0.651
2026-06-10T08:00:00Z,P005,29.17,26.32,0.581
2026-06-10T08:00:00Z,P006,26.92,26.16,0.639
2026-06-10T08:00:00Z,P007,23.31,27.31,0.587
2026-06-10T08:00:00Z,P008,28.66,26.28,0.599
2026-06-10T08:00:00Z,P009,32.81,27.82,0.576
2026-06-10T08:00:00Z,P010,30.42,30.75,0.68
2026-06-10T08:00:00Z,P011,23.47,26.37,0.725
2026-06-10T08:00:00Z,P012,32.91,30.72,0.599
2026-06-10T08:00:00Z,P013,20.27,24.85,0.604
2026-06-10T08:00:00Z,P014,37.91,22.28,0.542
2026-06-10T08:00:00Z,P015,22.86,23.2,0.734
2026-06-10T08:00:00Z,P016,30.77,26.75,0.691
2026-06-10T08:00:00Z,P017,23.47,25.08,0.821
2026-06-10T08:00:00Z,P018,27.24,23.16,0.645
2026-06-10T08:00:00Z,P019,19.58,32.33,0.666
2026-06-10T08:00:00Z,P020,35.3,25.56,0.651
2026-06-10T08:00:00Z,P021,30.95,25.52,0.546
2026-06-10T08:00:00Z,P022,29.92,27.89,0.638
2026-06-10T08:00:00Z,P023,31.54,25.82,0.593
2026-06-10T08:00:00Z,P024,33.5,23.24,0.633
2026-06-10T08:00:00Z,P025,30.43,26.95,0.761
2026-06-10T08:00:00Z,P026,32.74,28.66,0.644
2026-06-10T08:00:00Z,P027,33.09,28.89,0.617
2026-06-10T08:00:00Z,P028,28.03,25.41,0.712
2026-06-10T08:00:00Z,P029,26.0,25.52,0.68
2026-06-10T08:00:00Z,P030,30.89,24.72,0.734
2026-06-10T08:00:00Z,P031,29.58,25.36,0.613
2026-06-10T08:00:00Z,P032,28.81,22.92,0.738
2026-06-10T08:00:00Z,P033,31.46,26.04,0.692
2026-06-10T08:00:00Z,P034,26.16,25.8,0.598
2026-06-10T08:00:00Z,P035,20.54,25.7,0.74
2026-06-10T08:00:00Z,P036,30.85,28.78,0.7
2026-06-10T08:00:00Z,P037,20.49,25.25,0.673
2026-06-10T08:00:00Z,P038,36.81,26.85,0.706
2026-06-10T08:00:00Z,P039,31.65,31.7,0.619
2026-06-10T08:00:00Z,P040,33.19,25.01,0.527
2026-06-10T08:00:00Z,P041,28.62,26.96,0.655
2026-06-10T08:00:00Z,P042,33.03,25.09,0.635
2026-06-10T08:00:00Z,P043,31.74,25.32,0.71
2026-06-10T08:00:00Z,P044,27.3,30.72,0.747
2026-06-10T08:00:00Z,P045,36.53,26.32,0.555
2026-06-10T08:00:00Z,P046,22.9,28.63,0.584
2026-06-10T08:00:00Z,P047,26.91,25.7,0.736
2026-06-10T08:00:00Z,P048,34.33,23.67,0.638
2026-06-10T08:00:00Z,P049,28.68,23.43,0.625
2026-06-10T08:00:00Z,P050,31.39,30.85,0.645
2026-06-10T08:00:00Z,P051,22.49,25.02,0.624
2026-06-10T08:00:00Z,P052,23.12,25.71,0.553
2026-06-10T08:00:00Z,P053,28.87,25.27,0.625
2026-06-10T08:00:00Z,P054,25.72,29.61,0.669
2026-06-10T08:00:00Z,P055,26.83,31.78,0.643
2026-06-10T08:00:00Z,P056,28.82,24.27,0.608
2026-06-10T08:00:00Z,P057,27.86,30.13,0.619
2026-06-10T08:00:00Z,P058,27.16,29.73,0.671
2026-06-10T08:00:00Z,P059,22.53,30.96,0.682
2026-06-10T08:00:00Z,P060,25.7,29.86,0.603
2026-06-10T08:00:00Z,P061,21.13,26.77,0.682
2026-06-10T08:00:00Z,P062,24.87,26.04,0.75
2026-06-10T08:00:00Z,P063,27.89,27.41,0.63
2026-06-10T08:00:00Z,P064,30.73,27.55,0.659
2026-06-11T08:00:00Z,P001,35.49,25.99,0.617
2026-06-11T08:00:00Z,P002,26.0,31.73,0.714
2026-06-11T08:00:00Z,P003,29.51,26.92,0.709
2026-06-11T08:00:00Z,P004,26.52,24.86,0.702
2026-06-11T08:00:00Z,P005,25.95,24.03,0.768
2026-06-11T08:00:00Z,P006,27.49,22.94,0.582
2026-06-11T08:00:00Z,P007,33.96,25.78,0.678
2026-06-11T08:00:00Z,P008,29.55,25.79,0.625
2026-06-11T08:00:00Z,P009,29.4,25.77,0.644
2026-06-11T08:00:00Z,P010,30.75,28.27,0.696
2026-06-11T08:00:00Z,P011,36.39,27.93,0.681
2026-06-11T08:00:00Z,P012,33.77,28.95,0.594
2026-06-11T08:00:00Z,P013,18.36,26.44,0.562
2026-06-11T08:00:00Z,P014,21.94,27.94,0.62
2026-06-11T08:00:00Z,P015,25.64,24.42,0.7
2026-06-11T08:00:00Z,P016,32.4,29.3,0.65
2026-06-11T08:00:00Z,P017,31.85,28.77,0.754
2026-06-11T08:00:00Z,P018,19.35,24.73,0.662
2026-06-11T08:00:00Z,P019,32.29,28.39,0.569
2026-06-11T08:00:00Z,P020,24.68,24.17,0.68
2026-06-11T08:00:00Z,P021,23.83,27.99,0.617
2026-06-11T08:00:00Z,P022,31.85,27.33,0.599
2026-06-11T08:00:00Z,P023,32.54,23.54,0.633
2026-06-11T08:00:00Z,P024,22.53,27.54,0.544
2026-06-11T08:00:00Z,P025,31.0,25.82,0.624
2026-06-11T08:00:00Z,P026,23.48,26.07,0.669
2026-06-11T08:00:00Z,P027,30.9,27.27,0.642
2026-06-11T08:00:00Z,P028,34.31,26.88,0.57
2026-06-11T08:00:00Z,P029,27.39,27.12,0.65
2026-06-11T08:00:00Z,P030,27.84,23.16,0.655
2026-06-11T08:00:00Z,P031,20.65,31.4,0.614
2026-06-11T08:00:00Z,P032,30.91,27.2,0.657
2026-06-11T08:00:00Z,P033,31.44,26.25,0.664
2026-06-11T08:00:00Z,P034,26.71,30.15,0.553
2026-06-11T08:00:00Z,P035,26.07,24.6,0.599
2026-06-11T08:00:00Z,P036,21.7,24.54,0.702
2026-06-11T08:00:00Z,P037,37.08,26.69,0.654
2026-06-11T08:00:00Z,P038,34.37,24.86,0.745
2026-06-11T08:00:00Z,P039,26.34,22.17,0.729
2026-06-11T08:00:00Z,P040,25.1,25.12,0.661
2026-06-11T08:00:00Z,P041,25.79,28.46,0.612
2026-06-11T08:00:00Z,P042,29.11,28.75,0.577
2026-06-11T08:00:00Z,P043,33.08,24.72,0.635
2026-06-11T08:00:00Z,P044,27.22,29.63,0.691
2026-06-11T08:00:00Z,P045,30.67,28.88,0.752
2026-06-11T08:00:00Z,P046,32.2,22.68,0.717
2026-06-11T08:00:00Z,P047,30.08,28.21,0.741
2026-06-11T08:00:00Z,P048,24.81,30.8,0.648
2026-06-11T08:00:00Z,P049,22.79,22.99,0.684
2026-06-11T08:00:00Z,P050,31.58,24.47,0.671
2026-06-11T08:00:00Z,P051,35.51,26.5,0.63
2026-06-11T08:00:00Z,P052,30.75,27.01,0.74
2026-06-11T08:00:00Z,P053,30.34,25.16,0.659
2026-06-11T08:00:00Z,P054,26.85,23.31,0.678
2026-06-11T08:00:00Z,P055,24.57,25.0,0.656
2026-06-11T08:00:00Z,P056,26.22,27.71,0.621
2026-06-11T08:00:00Z,P057,29.02,25.81,0.695
2026-06-11T08:00:00Z,P058,19.65,28.25,0.634
2026-06-11T08:00:00Z,P059,27.14,23.28,0.702
2026-06-11T08:00:00Z,P060,26.08,28.45,0.641
2026-06-11T08:00:00Z,P061,23.22,30.6,0.599
2026-06-11T08:00:00Z,P062,21.3,26.6,0.642
2026-06-11T08:00:00Z,P063,30.46,26.15,0.708
2026-06-11T08:00:00Z,P064,29.77,26.98,0.569
2026-06-12T08:00:00Z,P001,28.11,25.27,0.628
2026-06-12T08:00:00Z,P002,28.68,27.81,0.711
2026-06-12T08:00:00Z,P003,24.33,24.0,0.645
2026-06-12T08:00:00Z,P004,31.84,23.59,0.596
2026-06-12T08:00:00Z,P005,29.67,22.54,0.682
2026-06-12T08:00:00Z,P006,30.24,27.25,0.635
2026-06-12T08:00:00Z,P007,33.33,26.74,0.708
2026-06-12T08:00:00Z,P008,31.15,31.36,0.666
2026-06-12T08:00:00Z,P009,23.98,26.82,0.606
2026-06-12T08:00:00Z,P010,29.76,28.65,0.736
2026-06-12T08:00:00Z,P011,31.4,24.35,0.587
2026-06-12T08:00:00Z,P012,32.02,27.11,0.645
2026-06-12T08:00:00Z,P013,31.0,31.71,0.638
2026-06-12T08:00:00Z,P014,29.25,26.58,0.673
2026-06-12T08:00:00Z,P015,30.25,27.68,0.707
2026-06-12T08:00:00Z,P016,26.88,30.04,0.638
2026-06-12T08:00:00Z,P017,19.25,27.98,0.708
2026-06-12T08:00:00Z,P018,23.34,23.06,0.517
2026-06-12T08:00:00Z,P019,27.3,27.68,0.617
2026-06-12T08:00:00Z,P020,30.75,27.9,0.653
2026-06-12T08:00:00Z,P021,32.26,27.11,0.591
2026-06-12T08:00:00Z,P022,33.68,25.24,0.687
2026-06-12T08:00:00Z,P023,26.24,26.01,0.695
2026-06-12T08:00:00Z,P024,23.03,24.94,0.606
2026-06-12T08:00:00Z,P025,30.16,28.11,0.58
2026-06-12T08:00:00Z,P026,33.61,27.22,0.666
2026-06-12T08:00:00Z,P027,32.35,26.53,0.603
2026-06-12T08:00:00Z,P028,30.59,27.58,0.689
2026-06-12T08:00:00Z,P029,28.1,28.82,0.701
2026-06-12T08:00:00Z,P030,25.41,26.89,0.619
2026-06-12T08:00:00Z,P031,32.71,28.12,0.693
2026-06-12T08:00:00Z,P032,29.29,22.93,0.614
2026-06-12T08:00:00Z,P033,26.87,24.74,0.667
2026-06-12T08:00:00Z,P034,27.13,25.01,0.629
2026-06-12T08:00:00Z,P035,26.39,25.63,0.65
2026-06-12T08:00:00Z,P036,20.74,28.08,0.706
2026-06-12T08:00:00Z,P037,28.1,26.99,0.632
2026-06-12T08:00:00Z,P038,27.54,28.1,0.63
2026-06-12T08:00:00Z,P039,35.61,27.2,0.731
2026-06-12T08:00:00Z,P040,24.08,31.87,0.652
2026-06-12T08:00:00Z,P041,31.06,24.34,0.68
2026-06-12T08:00:00Z,P042,27.57,23.88,0.601
2026-06-12T08:00:00Z,P043,35.85,25.5,0.599
2026-06-12T08:00:00Z,P044,26.1,26.77,0.522
2026-06-12T08:00:00Z,P045,26.17,32.08,0.609
2026-06-12T08:00:00Z,P046,25.88,29.65,0.721
2026-06-12T08:00:00Z,P047,29.42,29.54,0.591
2026-06-12T08:00:00Z,P048,26.88,26.04,0.679
2026-06-12T08:00:00Z,P049,28.99,24.82,0.696
2026-06-12T08:00:00Z,P050,23.12,29.26,0.6
2026-06-12T08:00:00Z,P051,24.2,29.53,0.666
2026-06-12T08:00:00Z,P052,31.72,28.18,0.752
2026-06-12T08:00:00Z,P053,25.73,25.99,0.634
2026-06-12T08:00:00Z,P054,24.9,21.99,0.545
2026-06-12T08:00:00Z,P055,31.76,25.57,0.674
2026-06-12T08:00:00Z,P056,30.59,26.25,0.604
2026-06-12T08:00:00Z,P057,30.61,28.58,0.595
2026-06-12T08:00:00Z,P058,31.88,29.94,0.624
2026-06-12T08:00:00Z,P059,29.1,24.38,0.626
2026-06-12T08:00:00Z,P060,31.78,27.1,0.641
2026-06-12T08:00:00Z,P061,34.5,27.2,0.769
2026-06-12T08:00:00Z,P062,28.26,27.77,0.524
2026-06-12T08:00:00Z,P063,34.94,23.79,0.711
2026-06-12T08:00:00Z,P064,25.91,26.37,0.617
